timestamp,carrier,distance_scheduled,departures_traffic,arrivals_traffic,wind_speed,wind_direction,taxi_out
2019-11-06 02:53:00,B6,740,35,27,10,SW,17
2020-01-28 01:24:00,B6,301,21,17,17,NW,14
2020-01-14 02:34:00,9E,718,29,29,7,E,13
2020-01-13 02:30:00,YX,665,38,27,6,NNW,30
2019-11-28 00:59:00,B6,150,19,17,21,NNW,12
2019-11-18 02:54:00,AA,740,29,35,13,NNE,18
2019-11-10 02:51:00,AA,740,22,20,14,SSW,26
2019-11-19 01:16:00,AA,187,13,10,10,NNW,13
2019-11-10 01:23:00,B6,301,32,24,5,WSW,13
2020-01-21 02:00:00,9E,340,36,39,5,NNE,20
2019-12-24 01:46:00,DL,213,26,35,10,N,25
2019-12-30 02:38:00,DL,760,21,10,16,ENE,19
2019-11-26 01:54:00,MQ,427,20,37,6,SSW,21
2019-11-10 02:43:00,B6,740,29,34,17,SW,14
2019-11-14 02:50:00,OO,765,37,30,10,SW,9
2019-11-22 02:47:00,9E,740,20,39,8,WSW,20
2019-11-06 02:56:00,DL,944,28,34,12,WNW,14
2019-11-07 01:57:00,9E,288,42,31,16,WNW,30
2019-11-15 02:14:00,AA,541,19,17,7,WSW,16
2019-11-12 02:50:00,DL,944,25,21,25,NW,21
2019-12-13 01:40:00,9E,266,30,30,15,E,40
2019-11-27 02:37:00,B6,828,33,28,17,WSW,13
2020-01-24 01:31:00,MQ,288,17,27,6,SE,20
2019-11-10 01:27:00,9E,213,18,49,17,SW,15
2019-11-13 02:22:00,9E,665,19,32,22,NNW,17
2019-11-24 01:15:00,9E,184,43,30,21,NW,22
2019-11-01 02:17:00,AA,541,24,40,17,NW,15
2019-12-06 01:29:00,9E,273,36,26,10,SSW,16
2019-11-25 02:04:00,B6,636,18,9,15,W,12
2019-11-27 01:51:00,MQ,427,30,38,5,ENE,16
2019-11-22 01:22:00,9E,184,42,30,18,WNW,19
2019-12-25 01:20:00,B6,209,24,42,3,S,27
2020-01-31 01:22:00,B6,264,36,41,3,ENE,26
2019-11-09 02:56:00,B6,944,27,32,3,VAR,15
2020-01-07 01:26:00,B6,301,22,20,6,NNW,12
2019-12-12 02:27:00,DL,636,44,28,0,CALM,27
2019-11-23 00:59:00,B6,150,29,18,0,CALM,14
2019-12-08 02:50:00,DL,760,35,40,8,SW,30
2019-11-04 02:32:00,DL,541,28,38,17,S,35
2020-01-01 01:26:00,B6,301,20,21,23,W,13
2020-01-16 01:15:00,B6,187,36,34,35,WNW,22
2019-11-23 01:42:00,B6,427,20,25,6,VAR,19
2019-11-13 02:08:00,YX,483,44,29,9,N,14
2019-12-24 03:08:00,AA,740,34,30,12,NNW,13
2019-12-27 01:33:00,MQ,290,37,39,9,WSW,18
2020-01-13 02:06:00,DL,541,34,40,5,NNW,11
2019-11-12 01:41:00,9E,213,36,28,21,NNW,17
2019-12-19 01:40:00,9E,301,33,21,14,NW,39
2019-11-30 02:20:00,DL,760,24,7,12,N,18
2020-01-25 02:03:00,DL,427,34,30,17,E,13
2020-01-13 01:53:00,MQ,427,17,40,7,ENE,21
2020-01-02 01:32:00,9E,228,40,27,9,SSW,31
2019-12-04 01:47:00,9E,290,33,30,12,W,21
2019-11-18 02:02:00,YX,483,35,29,14,NNW,10
2019-12-12 01:44:00,MQ,340,35,28,0,CALM,20
2019-11-06 01:17:00,B6,264,19,27,12,NW,30
2020-01-06 02:49:00,DL,828,33,35,9,W,10
2019-11-03 01:20:00,YX,213,27,24,13,WNW,23
2020-01-30 01:51:00,MQ,427,30,32,5,NE,20
2019-12-24 01:32:00,YX,187,31,24,10,N,24
2020-01-26 01:53:00,9E,340,31,32,16,W,23
2019-11-26 01:50:00,9E,427,32,37,10,SSW,17
2019-12-01 01:51:00,MQ,427,35,41,13,ENE,21
2019-12-16 01:23:00,9E,184,20,51,9,NNW,23
2019-11-15 01:22:00,9E,228,21,52,8,WSW,20
2020-01-16 00:57:00,B6,150,21,18,18,NW,15
2019-11-25 02:43:00,B6,740,29,34,9,W,12
2019-12-01 01:27:00,9E,228,32,34,18,ENE,29
2019-11-12 01:30:00,9E,209,35,32,23,NW,25
2019-12-08 01:34:00,9E,187,37,29,16,S,23
2019-11-01 01:13:00,B6,209,21,17,24,W,21
2019-11-18 03:00:00,OO,740,44,28,7,NNW,38
2019-11-25 01:15:00,B6,266,29,34,9,W,17
2019-11-21 01:20:00,B6,301,21,10,3,NNE,14
2020-01-26 02:04:00,9E,427,37,40,16,W,27
2019-11-30 02:20:00,9E,589,35,36,6,N,15
2020-01-13 01:30:00,9E,213,20,46,7,ENE,14
2019-11-23 02:09:00,9E,509,40,30,7,SW,24
2019-11-16 01:35:00,OO,288,18,39,21,NE,24
2019-11-19 02:09:00,AA,541,43,27,9,NW,19
2020-01-20 01:12:00,YX,187,22,19,20,NW,12
2019-11-26 02:45:00,MQ,765,31,43,7,SW,32
2019-12-17 01:11:00,B6,266,30,32,13,N,15
2019-12-04 02:28:00,9E,665,34,36,14,W,9
2020-01-01 03:04:00,B6,944,20,19,21,W,14
2020-01-02 01:33:00,9E,228,41,34,8,SSW,27
2019-12-28 01:32:00,B6,301,29,31,8,NNW,19
2019-11-28 01:19:00,DL,187,18,16,31,NW,13
2020-01-21 02:40:00,DL,760,29,29,8,N,9
2020-01-31 02:13:00,AA,541,27,28,9,E,15
2019-11-10 01:30:00,9E,266,33,30,7,SW,23
2020-01-16 03:02:00,9E,740,37,41,21,W,31
2019-11-09 01:56:00,MQ,425,20,17,6,SSW,17
2019-11-07 01:38:00,OO,288,22,19,15,SW,16
2019-12-12 02:43:00,B6,740,35,39,20,NNW,19
2020-01-08 01:29:00,9E,273,36,30,28,WNW,32
2020-01-11 01:53:00,MQ,427,13,44,21,S,15
2019-12-15 02:13:00,AA,541,20,19,17,W,18
2020-01-06 02:48:00,B6,740,34,39,15,WSW,29
2019-12-08 02:33:00,B6,828,34,37,6,ENE,17
2020-01-19 02:43:00,B6,760,30,35,5,WNW,16
2019-11-28 01:27:00,9E,273,24,34,22,NNW,20
2020-01-27 02:06:00,DL,509,30,20,16,WSW,15
2019-11-21 01:27:00,9E,228,35,35,13,SW,18
2020-01-20 01:46:00,9E,290,10,12,6,N,27
2019-11-19 01:30:00,B6,301,32,37,9,N,25
2019-12-21 01:25:00,B6,301,20,11,6,NNE,16
2020-01-13 01:32:00,9E,213,35,32,6,NE,20
2019-11-15 01:28:00,AA,213,19,17,7,WSW,17
2019-11-29 01:33:00,9E,264,23,29,20,N,17
2019-12-23 01:49:00,9E,301,32,29,10,WSW,12
2020-01-03 02:42:00,B6,828,36,37,10,SW,15
2020-01-14 01:46:00,9E,290,28,31,3,ENE,22
2019-12-24 02:22:00,9E,509,31,24,10,N,19
2019-12-15 01:17:00,B6,264,25,24,28,W,16
2019-12-14 01:55:00,MQ,427,24,24,31,WSW,20
2019-12-25 03:01:00,B6,944,37,23,6,S,19
2020-01-02 01:20:00,9E,187,40,27,9,SSW,18
2020-01-31 03:05:00,B6,944,37,41,8,E,19
2019-11-03 02:14:00,AA,541,29,29,10,W,20
2019-11-20 01:34:00,MQ,290,30,39,17,NW,25
2019-12-30 01:32:00,9E,228,16,43,20,NE,22
2019-12-22 01:19:00,DL,187,21,25,9,SW,15
2019-11-24 01:15:00,B6,187,38,29,25,NW,28
2019-12-04 01:10:00,B6,187,30,36,12,W,15
2020-01-19 02:39:00,DL,760,35,27,20,NW,17
2020-01-21 01:49:00,B6,427,36,39,7,N,20
2020-01-13 01:53:00,9E,340,36,30,5,N,14
2019-11-22 01:41:00,OO,301,15,12,5,W,12
2019-12-13 01:55:00,9E,427,42,28,7,E,20
2020-01-29 01:24:00,B6,301,21,16,16,N,12
2019-12-24 01:17:00,AA,187,15,34,14,NNE,39
2019-12-06 01:50:00,9E,288,34,28,20,SW,16
2019-11-17 01:26:00,MQ,290,30,34,18,NE,22
2019-12-29 02:44:00,MQ,765,40,28,8,ESE,14
2019-11-19 01:09:00,B6,187,25,21,10,WNW,14
2019-12-31 01:32:00,B6,301,25,22,17,WSW,17
2019-12-11 01:25:00,B6,301,32,25,23,WNW,18
2019-11-12 02:43:00,B6,740,30,36,16,W,17
2020-01-30 01:37:00,9E,301,30,18,7,NE,19
2020-01-06 01:10:00,B6,187,31,23,13,W,28
2019-12-27 02:31:00,9E,718,19,28,7,SSW,32
2020-01-01 03:04:00,DL,944,14,34,17,W,22
2020-01-07 01:27:00,DL,187,31,39,6,NE,23
2019-12-05 01:30:00,B6,301,36,41,16,WNW,29
2019-11-11 01:22:00,9E,184,17,18,10,SSW,15
2019-12-16 02:12:00,DL,541,32,38,8,NNW,18
2019-11-01 02:46:00,9E,740,18,30,25,WNW,25
2019-12-05 01:20:00,YX,213,21,30,25,WNW,22
2020-01-03 01:32:00,9E,228,20,54,9,SSW,22
2019-11-08 02:31:00,B6,828,35,30,22,NNW,19
2019-11-16 01:32:00,OO,301,20,27,18,ENE,23
2019-12-17 02:59:00,B6,944,29,27,10,NNW,14
2020-01-17 01:17:00,B6,209,35,40,23,NNW,16
2019-12-05 01:14:00,B6,266,20,19,23,WNW,13
2019-12-31 01:33:00,9E,209,30,24,13,WSW,10
2019-12-29 03:04:00,DL,944,18,43,9,ENE,16
2020-01-14 01:31:00,9E,264,28,31,3,NE,23
2019-11-28 01:54:00,9E,288,26,19,22,NNW,14
2019-11-01 01:48:00,9E,425,24,20,21,WNW,15
2020-01-31 02:06:00,DL,427,39,25,8,E,18
2019-11-27 01:30:00,9E,209,34,42,13,SW,29
2019-12-09 01:27:00,MQ,290,20,52,20,S,41
2020-01-31 02:30:00,9E,589,31,40,8,E,18
2019-12-26 01:31:00,9E,187,41,28,7,NE,14
2019-11-09 02:23:00,B6,718,19,14,5,NW,11
2019-11-17 01:20:00,9E,266,26,23,18,NE,11
2020-01-28 01:40:00,9E,301,25,26,18,NW,18
2020-01-22 01:45:00,9E,213,36,31,8,SW,14
2020-01-02 01:22:00,B6,264,37,38,9,WSW,22
2019-11-03 02:56:00,B6,944,21,32,10,WNW,13
2020-01-04 01:31:00,MQ,288,17,32,8,SW,24
2019-12-03 02:28:00,9E,665,33,43,17,NW,11
2019-11-01 01:45:00,MQ,340,36,25,17,W,23
2019-11-21 01:32:00,9E,301,31,41,8,N,20
2020-01-05 01:59:00,9E,427,23,21,22,WNW,20
2019-12-23 02:22:00,MQ,589,36,31,13,SW,11
2019-12-22 02:27:00,YX,509,19,43,9,WSW,27
2020-01-27 01:39:00,9E,301,38,26,13,W,19
2019-12-15 01:27:00,9E,228,16,51,21,W,23
2019-11-20 01:25:00,9E,273,36,32,20,NW,29
2020-01-16 02:06:00,DL,427,38,30,23,NW,33
2020-01-23 02:17:00,B6,636,35,33,8,SSW,33
2020-01-17 02:19:00,9E,509,28,29,14,NW,23
2019-11-09 02:43:00,B6,740,17,51,3,VAR,20
2020-01-02 01:42:00,9E,290,44,26,14,S,37
2019-11-14 01:28:00,9E,290,21,35,5,VAR,25
2019-12-15 02:48:00,B6,944,34,25,12,WNW,14
2019-11-19 01:23:00,B6,301,31,21,7,N,16
2019-11-07 02:56:00,B6,944,34,40,14,WNW,18
2019-11-17 01:46:00,9E,340,30,34,15,NE,22
2019-11-22 02:13:00,DL,509,31,45,16,WNW,13
2019-11-07 01:50:00,9E,427,29,36,16,SW,41
2019-12-29 01:43:00,YX,264,32,35,7,ENE,19
2019-12-19 01:20:00,9E,187,22,21,20,WNW,34
2019-11-07 02:15:00,DL,541,22,30,12,SW,32
2020-01-17 03:10:00,AA,740,39,30,16,NNW,41
2020-01-02 01:58:00,9E,288,30,43,12,SSW,35
2019-12-29 02:09:00,9E,425,18,43,9,ENE,14
2020-01-25 00:57:00,B6,150,21,16,12,W,11
2019-11-11 02:14:00,AA,541,28,34,6,SSE,18
2019-11-23 01:59:00,YX,483,40,30,7,SW,20
2020-01-15 02:48:00,B6,740,37,39,12,WNW,16
2019-11-04 02:36:00,B6,760,36,29,15,S,17
2020-01-31 01:54:00,9E,340,39,25,8,E,27
2020-01-12 02:25:00,DL,509,32,40,12,NW,26
2020-01-20 02:03:00,YX,483,17,41,23,NNW,23
2019-11-11 02:20:00,DL,760,21,16,6,S,22
2019-11-19 02:51:00,9E,828,29,38,6,N,16
2020-01-03 01:47:00,YX,301,29,33,9,W,19
2019-12-23 03:03:00,DL,944,36,31,13,SW,15
2020-01-20 02:43:00,B6,760,34,38,21,NNW,12
2019-12-10 01:59:00,9E,425,24,22,10,WSW,13
2020-01-19 02:22:00,DL,509,28,38,17,WNW,32
2019-11-18 01:22:00,9E,228,21,53,12,NNE,18
2019-12-29 01:33:00,MQ,290,35,35,6,E,24
2020-01-06 02:29:00,9E,589,19,52,16,WSW,17
2019-12-12 02:48:00,B6,944,33,26,0,CALM,26
2019-11-20 01:13:00,B6,209,17,16,15,NNW,25
2019-11-19 01:18:00,B6,264,31,21,8,N,21
2019-12-11 01:39:00,9E,213,33,31,14,WSW,22
2019-11-25 01:20:00,YX,213,20,26,10,SSW,22
2019-12-24 02:26:00,9E,636,40,24,10,N,11
2020-01-05 01:08:00,MQ,94,34,30,15,NW,20
2019-12-12 02:24:00,9E,509,21,31,14,NNW,18
2019-11-26 01:18:00,MQ,184,35,29,10,S,16
2019-11-17 02:05:00,9E,425,29,41,22,NNE,26
2019-11-24 02:56:00,B6,944,29,31,18,WNW,19
2019-11-08 02:44:00,OO,765,21,52,21,NW,27
2019-11-24 01:34:00,9E,264,34,32,16,W,24
2019-11-11 01:20:00,9E,187,20,36,3,SW,18
2019-12-21 01:15:00,B6,209,24,17,5,NNE,17
2020-01-01 01:10:00,B6,187,17,20,23,NW,12
2019-11-28 02:45:00,DL,828,16,43,21,WNW,15
2020-01-08 02:12:00,B6,636,19,8,17,WSW,17
2019-12-15 02:11:00,9E,425,35,27,23,W,15
2019-11-02 01:30:00,9E,273,35,29,3,E,22
2019-12-03 01:40:00,9E,288,27,19,22,NW,40
2019-11-03 02:48:00,B6,944,32,21,12,WNW,12
2020-01-22 02:29:00,9E,589,16,45,3,ENE,26
2019-12-03 02:04:00,DL,509,42,28,25,NW,30
2019-12-10 01:29:00,9E,273,36,27,10,SW,22
2020-01-12 01:15:00,B6,187,38,29,22,W,14
2020-01-13 01:27:00,9E,228,35,32,6,NE,12
2019-11-12 01:50:00,9E,427,19,52,21,NW,32
2020-01-14 01:37:00,MQ,288,37,30,9,E,19
2020-01-22 01:24:00,YX,187,27,29,0,CALM,22
2020-01-07 01:23:00,9E,266,25,19,5,E,16
2020-01-09 02:49:00,DL,828,35,45,15,NW,18
2019-12-22 01:47:00,YX,301,33,35,12,WSW,34
2019-11-08 01:27:00,9E,228,33,32,17,NNW,12
2020-01-01 02:26:00,B6,718,40,24,16,W,17
2019-11-11 01:22:00,B6,264,21,16,0,CALM,15
2019-12-05 01:57:00,MQ,427,31,30,25,WNW,39
2019-11-03 02:01:00,YX,427,40,25,14,WNW,20
2019-11-02 01:12:00,B6,266,24,22,6,SW,19
2020-01-22 02:30:00,9E,589,35,37,0,CALM,24
2019-11-30 01:35:00,9E,264,31,36,14,NNW,27
2019-12-14 01:43:00,9E,264,24,24,31,WSW,27
2019-12-06 02:24:00,9E,509,19,32,10,SW,16
2019-11-08 02:36:00,DL,760,33,32,17,NNW,14
2019-11-13 01:13:00,B6,209,17,15,21,NW,23
2019-12-31 01:22:00,B6,264,31,31,9,N,27
2019-11-07 01:29:00,DL,213,42,31,16,WNW,23
2019-11-18 02:29:00,9E,665,36,31,13,NNW,14
2020-01-30 01:32:00,9E,266,30,18,7,NE,18
2019-11-03 02:54:00,YX,828,26,41,14,WNW,34
2020-01-06 01:38:00,DL,213,41,34,12,WSW,31
2019-12-15 02:54:00,OO,740,22,32,28,W,30
2019-11-15 01:56:00,9E,425,24,21,12,SW,24
2020-01-20 01:20:00,B6,209,36,39,14,NNW,26
2020-01-11 02:05:00,AA,541,27,18,25,S,21
2020-01-17 02:09:00,9E,425,20,48,31,NNW,28
2019-12-22 02:51:00,9E,765,19,43,9,WSW,19
2019-12-30 01:10:00,B6,187,20,20,20,NNE,15
2019-12-21 02:43:00,DL,760,15,46,6,NNE,12
2020-01-24 02:10:00,AA,541,23,18,0,CALM,19
2019-12-30 01:23:00,B6,264,20,20,20,NNE,16
2019-11-30 01:23:00,9E,266,32,34,7,N,22
2020-01-11 02:53:00,B6,944,22,19,22,S,14
2019-12-27 01:54:00,9E,340,34,36,6,SSW,23
2019-12-28 03:07:00,B6,944,15,43,13,NW,21
2019-12-25 02:44:00,B6,828,31,17,0,CALM,17
2020-01-07 02:00:00,9E,340,36,37,8,W,16
2019-12-29 03:02:00,YX,828,30,42,7,NE,23
2019-12-20 02:07:00,AA,541,22,30,18,NNW,20
2019-11-20 02:56:00,B6,944,26,30,17,NW,20
2020-01-08 01:33:00,MQ,290,30,29,28,WNW,23
2020-01-22 02:30:00,YX,665,37,26,6,SW,15
2019-12-23 01:42:00,9E,290,41,28,15,SW,23
2019-12-13 01:11:00,B6,266,23,23,8,ESE,22
2020-01-07 01:24:00,YX,187,32,30,8,ENE,19
2019-12-25 02:30:00,MQ,665,31,31,5,SSE,31
2019-11-15 02:47:00,9E,740,21,29,12,SW,17
2019-12-17 01:20:00,9E,184,43,27,13,N,14
2019-11-21 02:11:00,B6,636,38,28,7,SW,12
2019-12-12 01:29:00,9E,273,35,28,0,CALM,25
2020-01-23 02:09:00,DL,541,37,27,5,SSW,30
2020-01-29 02:43:00,B6,760,36,37,17,NNW,18
2020-01-10 01:43:00,9E,288,16,39,9,WSW,12
2020-01-30 01:24:00,B6,301,21,20,5,VAR,14
2020-01-14 02:55:00,9E,765,37,30,9,E,22
2019-11-11 01:34:00,9E,290,35,30,6,SE,30
2020-01-14 02:49:00,DL,828,36,39,3,NNE,16
2020-01-05 01:24:00,YX,213,19,32,24,NW,30
2019-11-12 02:36:00,DL,760,35,32,23,NW,19
2019-12-06 01:15:00,B6,209,33,38,8,WSW,20
2020-01-01 01:23:00,B6,187,31,32,18,WNW,22
2019-12-29 01:56:00,MQ,427,32,35,7,ENE,25
2019-11-03 02:21:00,MQ,589,29,29,10,WNW,10
2019-12-23 01:31:00,B6,301,32,29,10,WSW,17
2020-01-31 01:27:00,9E,228,35,31,8,SSE,23
2020-01-07 01:11:00,B6,266,25,19,5,E,15
2019-12-24 01:33:00,MQ,290,29,23,12,NNW,14
2020-01-14 02:42:00,DL,760,37,30,8,E,21
2019-11-22 01:39:00,9E,288,37,31,18,NW,27
2019-11-11 02:02:00,9E,425,21,53,0,CALM,30
2019-12-12 01:27:00,9E,213,26,22,6,VAR,17
2019-11-03 01:10:00,B6,187,23,30,12,W,25
2019-12-26 02:45:00,DL,760,35,31,14,E,11
2019-12-05 01:43:00,9E,301,31,30,17,WNW,32
2020-01-30 02:30:00,9E,589,31,40,5,ENE,17
2020-01-27 01:19:00,AA,187,35,41,14,WSW,17
2019-11-15 01:54:00,MQ,427,34,32,10,NW,27
2019-12-06 02:08:00,AA,541,42,28,14,SW,17
2019-12-27 03:04:00,9E,740,31,28,6,S,25
2019-11-14 02:02:00,9E,425,20,53,5,N,33
2019-11-12 02:54:00,OO,740,30,36,20,W,14
2020-01-31 02:42:00,B6,828,34,31,9,E,22
2020-01-07 02:06:00,DL,509,25,19,5,E,16
2020-01-30 02:21:00,DL,636,36,33,5,N,27
2020-01-03 02:09:00,9E,425,15,38,7,SW,20
2020-01-18 02:13:00,AA,541,38,25,15,S,38
2019-12-07 02:46:00,MQ,765,29,41,15,NNW,17
2020-01-03 01:22:00,YX,213,37,29,6,WSW,16
2020-01-29 02:43:00,B6,760,34,31,14,NNW,12
2019-12-21 01:22:00,B6,264,34,36,5,NNE,25
2020-01-24 02:30:00,9E,589,31,40,9,ENE,18
2019-12-27 03:03:00,DL,944,31,28,6,S,16
2019-11-05 02:54:00,AA,740,28,36,6,S,19
2020-01-21 01:53:00,9E,340,34,28,9,N,18
2019-12-05 01:57:00,MQ,425,22,20,26,W,22
2019-11-06 01:16:00,9E,187,23,15,10,NNW,14
2020-01-11 01:23:00,B6,187,34,30,24,S,26
2019-12-04 01:17:00,B6,264,25,24,13,W,13
2019-12-14 01:30:00,B6,301,39,26,23,WSW,20
2019-11-19 02:33:00,B6,828,29,36,10,WSW,20
2019-11-23 01:54:00,MQ,427,22,17,7,WNW,19
2020-01-17 01:24:00,B6,301,23,18,28,NNW,11
2020-01-11 02:45:00,9E,765,40,38,17,S,31
2019-11-02 02:55:00,B6,944,20,14,0,CALM,22
2019-12-21 02:33:00,YX,665,40,26,3,SSW,24
2020-01-24 02:14:00,9E,425,37,30,8,ENE,22
2019-11-14 02:54:00,AA,740,30,36,6,NNW,22
2019-11-09 02:48:00,B6,944,25,27,16,WSW,15
2019-11-19 01:25:00,9E,273,35,32,10,N,18
2019-12-17 01:37:00,9E,209,30,32,12,NNW,33
2020-01-03 02:29:00,YX,665,37,40,10,SW,8
2019-11-20 02:05:00,9E,425,30,39,14,NNW,22
2019-11-02 01:37:00,9E,290,22,28,3,NNE,21
2020-01-24 02:03:00,YX,483,16,39,5,ENE,25
2019-11-06 02:02:00,9E,425,18,52,12,WNW,18
2019-11-28 02:48:00,B6,944,19,17,21,NNW,25
2019-12-05 01:41:00,9E,264,34,39,12,W,19
2019-11-05 02:47:00,9E,740,16,29,15,SSE,17
2019-11-14 02:14:00,DL,636,41,26,7,SSW,19
2019-11-25 02:20:00,9E,589,31,36,8,SSW,10
2019-12-23 02:45:00,DL,760,36,31,13,SW,25
2019-11-10 01:56:00,MQ,425,22,20,14,SSW,16
2019-11-05 01:59:00,YX,483,33,24,13,WSW,21
2019-12-23 01:18:00,YX,213,24,20,9,SW,19
2019-12-26 01:10:00,B6,187,35,17,12,ESE,18
2020-01-30 02:40:00,B6,828,37,41,8,N,18
2019-11-02 02:04:00,AA,541,17,15,5,NE,15
2019-12-31 03:07:00,YX,740,33,36,8,SW,24
2020-01-08 02:26:00,B6,718,36,30,25,NNW,20
2020-01-04 02:51:00,DL,760,32,41,13,NNW,31
2020-01-28 01:22:00,DL,187,25,26,18,NW,16
2019-12-26 03:04:00,9E,740,32,28,13,E,20
2020-01-25 01:36:00,9E,290,13,43,20,ENE,35
2020-01-06 01:49:00,9E,288,35,30,14,WNW,21
2020-01-02 01:16:00,AA,187,19,21,3,SSE,17
2019-12-10 01:17:00,AA,187,33,23,18,WNW,29
2020-01-14 02:55:00,9E,765,17,42,0,CALM,27
2019-11-23 01:29:00,9E,301,38,26,14,WSW,15
2019-11-21 01:23:00,DL,187,37,31,12,WSW,23
2019-11-09 02:53:00,B6,740,32,31,14,S,22
2020-01-21 02:05:00,DL,427,16,41,7,N,19
2019-12-24 02:04:00,YX,340,20,23,5,VAR,11
2019-12-21 02:15:00,YX,483,36,47,3,S,22
2019-11-15 01:44:00,B6,427,21,52,8,WSW,21
2019-11-14 02:31:00,B6,828,35,31,8,SSW,13
2019-12-15 01:55:00,9E,427,43,28,23,W,23
2019-12-16 02:11:00,9E,425,34,29,6,VAR,27
2019-12-23 01:33:00,YX,213,17,41,10,SW,20
2019-11-24 01:20:00,B6,301,19,19,15,NE,22
2019-12-01 01:24:00,B6,301,43,27,22,ENE,39
2019-11-21 01:20:00,9E,266,25,20,8,NW,13
2019-12-09 02:43:00,DL,760,35,26,7,S,25
2019-12-15 01:33:00,9E,228,41,29,17,W,18
2019-11-01 01:28:00,9E,184,27,34,15,NNW,31
2019-12-04 01:45:00,B6,427,31,29,12,WSW,13
2019-11-04 02:56:00,B6,944,37,31,16,S,18
2019-12-12 01:21:00,B6,264,35,39,20,NNW,18
2019-12-04 02:21:00,B6,718,31,30,12,W,16
2019-11-06 01:20:00,B6,301,16,11,9,NW,11
2020-01-17 02:49:00,9E,740,28,20,23,NNW,22
2019-12-02 01:46:00,9E,340,33,41,16,NNE,20
2020-01-11 02:06:00,YX,483,40,29,16,S,27
2019-11-15 01:24:00,YX,187,24,21,12,SW,18
2019-11-20 02:29:00,9E,665,36,30,12,N,13
2019-11-29 01:50:00,9E,427,34,22,18,NW,14
2020-01-30 01:35:00,9E,228,38,30,7,NE,17
2019-11-25 02:47:00,9E,740,18,38,7,WSW,19
2019-12-15 02:27:00,DL,636,43,28,23,W,26
2019-11-20 02:30:00,DL,760,44,28,17,NNW,17
2019-12-08 02:18:00,AA,541,32,32,14,S,23
2019-12-18 02:59:00,B6,944,36,39,15,W,41
2020-01-03 01:31:00,MQ,288,18,29,7,SSW,17
2019-11-12 02:03:00,DL,509,25,21,24,NW,40
2019-11-08 01:46:00,9E,340,27,36,15,NW,25
2020-01-07 02:04:00,9E,427,32,30,8,ENE,30
2020-01-04 01:31:00,9E,187,38,32,9,W,18
2019-11-26 02:08:00,9E,509,20,37,6,SSW,35
2020-01-16 01:26:00,YX,213,18,28,22,NW,28
2020-01-18 01:16:00,AA,187,12,42,5,VAR,28
2019-12-22 01:24:00,B6,264,19,30,12,SW,22
2019-11-28 02:04:00,B6,636,15,10,25,W,11
2019-11-10 01:20:00,YX,213,21,31,9,SW,22
2020-01-03 01:32:00,YX,187,29,28,6,WSW,26
2019-11-29 01:20:00,B6,301,17,10,14,NNW,12
2019-11-08 02:55:00,B6,944,22,18,22,WNW,15
2020-01-07 02:38:00,DL,760,16,44,8,W,25
2019-12-13 02:43:00,B6,740,33,38,5,NNE,21
2019-12-20 02:19:00,MQ,589,35,21,10,NNW,22
2020-01-22 03:06:00,DL,944,30,28,9,WSW,18
2019-11-27 02:44:00,OO,765,18,51,5,ENE,13
2020-01-12 01:23:00,B6,264,23,20,12,NNE,26
2020-01-16 02:19:00,9E,665,21,20,31,WNW,12
2019-11-02 02:56:00,B6,944,21,27,9,NNE,15
2019-12-31 02:37:00,DL,760,15,33,7,NNW,10
2019-11-22 01:25:00,B6,301,20,39,12,SW,22
2019-12-19 01:47:00,9E,290,34,33,18,WNW,22
2019-12-24 02:30:00,MQ,665,34,30,12,N,20
2019-11-22 01:37:00,9E,290,36,23,17,NW,15
2020-01-10 01:36:00,9E,187,38,30,7,S,24
2019-11-09 02:45:00,DL,828,17,51,3,VAR,16
2019-11-12 01:14:00,B6,266,17,17,18,NW,16
2019-11-24 02:26:00,9E,636,42,29,24,W,38
2019-11-11 01:34:00,9E,264,31,24,17,SSW,22
2019-12-09 02:13:00,AA,541,33,33,10,S,30
2020-01-01 02:44:00,MQ,765,39,27,15,WNW,31
2019-11-08 01:11:00,B6,187,36,33,17,NNW,18
2019-12-01 02:43:00,DL,828,20,53,13,ENE,13
2019-12-26 02:08:00,YX,483,36,35,8,E,22
2020-01-20 02:49:00,DL,828,34,38,21,NNW,12
2019-12-27 03:09:00,B6,944,17,42,10,SSW,18
2019-11-08 01:20:00,YX,213,21,30,22,WNW,26
2019-12-06 01:37:00,9E,209,33,31,13,WSW,21
2019-12-03 01:15:00,B6,266,19,50,16,NW,25
2019-12-19 02:10:00,AA,541,43,32,21,WNW,22
2019-12-29 02:15:00,YX,483,30,42,7,NE,14
2019-11-17 02:43:00,DL,828,18,50,18,NE,16
2019-11-26 02:21:00,MQ,589,32,29,10,S,13
2020-01-22 01:15:00,B6,266,36,39,5,N,20
2019-12-12 02:43:00,DL,760,17,52,14,NNW,20
2019-11-21 01:25:00,9E,273,38,34,8,SW,21
2019-11-15 01:25:00,B6,301,20,34,13,W,14
2019-11-06 01:21:00,9E,184,28,30,10,WSW,10
2019-12-07 01:30:00,B6,301,35,37,15,NW,26
2020-01-10 02:00:00,9E,340,19,49,12,SW,26
2020-01-10 01:37:00,9E,301,17,27,9,WSW,17
2019-11-03 01:39:00,9E,187,29,29,10,W,21
2020-01-15 01:22:00,9E,273,28,32,8,S,23
2020-01-19 01:40:00,9E,301,28,25,20,NW,18
2020-01-17 02:28:00,9E,718,16,40,25,NNW,28
2020-01-09 02:06:00,9E,427,41,29,0,CALM,14
2019-11-16 02:53:00,B6,740,40,30,8,NE,24
2020-01-22 01:37:00,9E,301,17,27,6,W,16
2019-12-26 02:30:00,9E,636,41,37,10,ESE,16
2019-12-30 02:11:00,9E,425,35,36,25,E,35
2019-12-16 01:17:00,YX,187,25,24,3,NW,15
2019-12-16 02:42:00,DL,828,20,51,9,NNW,32
2020-01-17 02:23:00,DL,636,20,48,25,NNW,22
2020-01-22 02:40:00,B6,828,36,39,5,N,20
2020-01-10 02:42:00,B6,828,32,32,7,S,16
2020-01-12 02:49:00,9E,740,30,20,21,W,9
2019-12-26 02:03:00,YX,483,36,35,7,NNE,25
2019-11-10 01:30:00,OO,301,42,26,6,WSW,14
2019-11-17 01:15:00,YX,213,21,30,21,NE,20
2019-12-06 02:49:00,OO,765,35,40,14,W,20
2019-12-31 01:21:00,B6,187,31,26,9,WSW,18
2019-11-22 02:04:00,B6,636,22,9,10,SSW,15
2019-11-04 01:56:00,9E,425,27,23,9,S,23
2019-11-04 02:14:00,AA,541,37,31,18,S,22
2019-12-29 01:33:00,9E,228,43,34,7,NE,22
2019-11-04 01:38:00,OO,288,20,35,13,S,17
2020-01-21 01:20:00,B6,264,30,18,9,NNW,14
2019-12-13 01:27:00,9E,228,19,52,3,E,14
2020-01-08 02:11:00,AA,541,30,38,24,NW,36
2019-11-14 01:10:00,B6,187,20,29,7,VAR,13
2019-12-11 00:59:00,B6,150,11,14,6,NE,14
2019-11-12 00:59:00,B6,150,31,21,17,NW,12
2019-11-25 03:00:00,DL,944,31,27,10,SW,20
2020-01-19 01:15:00,B6,266,26,17,17,WNW,14
2019-12-25 02:26:00,B6,718,37,23,6,S,17
2020-01-05 02:26:00,9E,636,39,27,21,NW,23
2020-01-03 02:32:00,9E,718,45,25,7,SSW,27
2019-12-26 01:25:00,B6,301,23,19,5,NNW,26
2020-01-14 02:37:00,DL,760,20,18,6,NNE,14
2019-12-11 03:08:00,DL,944,32,30,17,WSW,18
2019-11-10 01:29:00,DL,187,28,41,10,W,27
2019-12-11 02:21:00,B6,718,32,30,17,WSW,16
2020-01-06 02:06:00,9E,427,42,26,22,WNW,16
2019-11-15 01:34:00,MQ,290,27,40,10,WSW,15
2020-01-10 02:09:00,9E,425,19,49,12,SW,29
2019-12-03 01:34:00,MQ,288,34,31,24,NW,33
2019-12-19 01:25:00,DL,187,32,34,16,NW,18
2020-01-05 01:35:00,YX,264,19,32,22,WNW,23
2019-11-02 02:12:00,DL,541,17,27,0,CALM,18
2019-11-18 01:15:00,9E,184,35,29,14,NNW,11
2020-01-06 02:43:00,B6,760,34,39,15,WSW,40
2019-12-15 02:53:00,B6,740,32,31,18,W,10
2020-01-06 02:21:00,DL,636,38,32,22,WNW,17
2019-11-28 01:24:00,B6,301,16,43,21,WNW,14
2019-11-19 01:20:00,9E,209,20,17,13,W,16
2020-01-06 01:15:00,B6,187,38,32,15,W,14
2019-11-24 03:00:00,DL,944,38,29,25,NW,33
2020-01-08 01:36:00,9E,187,36,30,28,WNW,19
2019-12-19 01:33:00,MQ,290,34,33,18,WNW,28
2019-11-01 02:00:00,AA,541,24,20,21,WNW,21
2019-12-14 03:03:00,DL,944,30,36,0,CALM,19
2019-11-25 02:02:00,YX,483,35,22,10,SW,15
2020-01-22 02:34:00,9E,718,30,28,9,WSW,20
2019-12-19 03:08:00,B6,944,34,33,13,W,28
2020-01-04 02:43:00,B6,760,34,38,8,ESE,28
2020-01-09 02:53:00,B6,944,34,37,9,S,25
2019-11-07 01:41:00,OO,301,30,24,14,NNW,20
2020-01-26 01:24:00,B6,301,22,18,9,WSW,9
2019-11-19 01:20:00,B6,301,21,10,5,WSW,15
2020-01-01 03:02:00,DL,944,39,27,15,WNW,17
2020-01-27 03:01:00,B6,944,38,26,13,W,17
2019-11-20 02:33:00,B6,828,29,35,15,NNW,13
2019-11-27 02:14:00,AA,541,33,28,17,WSW,13
2020-01-28 02:44:00,MQ,765,31,36,23,NW,14
2019-11-16 02:01:00,9E,425,26,40,10,NNE,14
2019-11-23 01:17:00,AA,187,15,40,8,NNW,28
2020-01-27 01:53:00,9E,288,36,29,14,WNW,24
2020-01-31 01:37:00,9E,290,16,40,7,ESE,18
2020-01-04 01:19:00,DL,187,13,40,9,ESE,27
2019-11-30 02:02:00,AA,541,29,24,12,NNW,16
2019-11-13 01:41:00,OO,301,32,23,7,NNE,16
2019-11-07 01:27:00,9E,213,20,52,16,SW,29
2019-11-15 01:25:00,9E,273,35,31,10,WSW,17
2019-12-08 02:20:00,9E,509,32,31,9,SW,32
2019-11-05 01:20:00,9E,266,23,21,10,WSW,15
2019-11-03 01:34:00,9E,264,35,39,10,WNW,23
2020-01-15 02:07:00,YX,483,38,27,9,WSW,24
2019-11-17 02:11:00,B6,636,35,29,22,NE,12
2019-11-13 02:26:00,9E,718,35,30,15,WNW,17
2020-01-28 01:24:00,DL,187,15,41,17,NW,25
2019-11-30 02:11:00,B6,636,39,27,13,N,16
2020-01-13 01:12:00,9E,187,22,20,6,NNE,13
2019-12-02 02:47:00,9E,740,25,21,14,NNW,41
2019-11-20 02:25:00,9E,718,21,32,17,NNW,15
2020-01-24 01:26:00,YX,213,17,27,6,E,20
2020-01-28 01:10:00,B6,187,30,17,13,NNW,15
2019-11-17 02:15:00,DL,541,21,30,21,NE,16
2020-01-15 01:33:00,MQ,290,36,31,9,WSW,20
2019-11-30 01:22:00,B6,264,31,36,10,N,23
2019-12-20 01:39:00,9E,266,35,33,12,N,32
2019-12-26 02:32:00,9E,509,30,41,10,ESE,23
2020-01-16 02:20:00,9E,509,17,38,33,NW,19
2019-11-02 02:48:00,B6,944,26,19,12,W,24
2019-11-19 02:56:00,B6,944,27,30,12,N,15
2020-01-30 02:48:00,B6,740,37,41,12,NNE,16
2019-12-29 01:34:00,B6,301,35,42,8,ENE,23
2020-01-02 03:01:00,DL,944,37,38,9,WSW,27
2019-11-27 02:02:00,AA,541,27,22,10,S,22
2019-12-20 03:05:00,B6,944,35,39,13,N,14
2019-11-02 02:09:00,AA,541,21,27,9,NNE,17
2020-01-10 01:46:00,9E,290,34,34,3,S,33
2020-01-05 02:47:00,MQ,765,43,34,15,WNW,18
2020-01-07 02:46:00,9E,765,34,37,9,E,25
2019-11-08 02:08:00,YX,483,43,30,18,NNW,14
2019-11-12 02:09:00,AA,541,43,26,24,NW,22
2019-11-05 01:30:00,9E,187,29,28,10,W,18
2019-11-02 02:21:00,B6,718,38,25,5,S,15
2019-11-30 02:37:00,OO,765,35,36,6,N,10
2019-12-25 01:34:00,B6,301,30,35,0,CALM,20
2019-11-12 01:32:00,9E,301,30,36,16,W,28
2019-12-19 02:43:00,DL,760,40,29,18,WNW,18
2020-01-10 02:10:00,DL,541,19,49,12,SW,18
2019-11-23 01:21:00,9E,187,26,21,14,SSW,13
2020-01-07 02:01:00,YX,483,37,30,13,ENE,18
2020-01-01 03:03:00,DL,944,31,26,18,W,21
2020-01-25 03:01:00,B6,944,40,22,25,E,15
2020-01-13 01:54:00,9E,340,38,27,6,NNW,12
2020-01-14 02:01:00,YX,483,37,30,9,E,17
2020-01-23 02:06:00,DL,541,32,40,5,S,8
2019-11-16 02:45:00,DL,828,17,51,24,NE,12
2019-11-29 01:22:00,B6,264,18,12,20,N,17
2019-11-01 02:53:00,B6,740,34,24,15,WNW,19
2019-12-06 01:21:00,DL,187,20,19,8,WSW,16
2019-12-02 01:09:00,B6,209,19,51,15,N,20
2020-01-22 02:47:00,DL,760,36,28,0,CALM,32
2019-12-30 02:13:00,9E,509,22,21,24,ENE,20
2019-12-03 02:45:00,MQ,765,42,27,17,NW,26
2020-01-08 01:37:00,9E,301,35,21,21,NW,27
2020-01-04 01:17:00,AA,187,13,40,0,CALM,24
2020-01-03 01:33:00,YX,209,29,28,12,SW,32
2020-01-28 02:28:00,9E,718,16,35,17,NW,17
2019-11-23 02:56:00,B6,944,35,23,5,SW,18
2019-12-06 03:09:00,9E,740,34,28,20,SW,20
2020-01-05 02:52:00,9E,765,37,42,15,NW,17
2019-11-04 01:26:00,MQ,290,28,35,8,SE,20
2019-12-19 01:20:00,9E,184,43,32,18,WNW,22
2020-01-11 01:52:00,B6,427,29,20,21,S,12
2019-12-17 01:57:00,MQ,425,22,19,10,NE,24
2019-12-11 01:32:00,9E,209,23,17,6,N,16
2020-01-24 02:09:00,9E,425,18,47,5,ENE,14
2020-01-08 01:15:00,AA,187,22,18,21,WNW,24
2019-11-25 02:37:00,OO,765,31,36,8,SSW,31
2019-11-25 01:22:00,9E,184,40,26,9,SW,18
2019-11-15 02:36:00,DL,760,43,30,10,NW,18
2019-11-17 02:55:00,B6,944,21,30,21,NE,15
2019-11-30 02:02:00,9E,425,19,52,14,NNW,23
2019-11-03 01:13:00,9E,273,21,32,10,WNW,17
2019-12-06 02:46:00,DL,760,41,28,26,NW,18
2019-11-20 02:34:00,B6,760,17,16,14,NNW,20
2019-12-20 01:30:00,9E,228,35,39,13,N,14
2019-11-20 01:30:00,OO,301,44,28,20,NNW,11
2020-01-21 01:32:00,YX,213,17,27,8,NNW,31
2019-12-20 01:20:00,9E,184,42,32,15,NNW,26
2020-01-30 01:35:00,9E,301,37,41,8,N,19
2019-12-09 01:10:00,B6,187,43,27,8,SSW,38
2020-01-05 02:14:00,DL,541,34,35,7,WNW,23
2019-11-27 02:26:00,9E,636,43,31,20,WSW,27
2020-01-10 01:35:00,9E,264,28,27,7,S,28
2019-12-31 02:45:00,DL,760,31,26,9,WSW,12
2020-01-13 01:41:00,9E,290,38,27,6,NNW,22
2019-11-19 02:08:00,9E,509,20,32,9,WSW,13
2020-01-02 01:44:00,9E,290,29,34,8,SSW,22
2019-12-15 01:40:00,9E,266,34,25,12,WNW,34
2019-12-08 01:35:00,MQ,290,29,43,6,SW,26
2019-11-26 02:18:00,AA,541,32,37,10,SSW,16
2019-11-27 01:30:00,9E,266,37,28,16,S,27
2019-12-19 01:11:00,B6,266,40,29,18,WNW,16
2019-12-06 01:15:00,B6,266,33,38,8,WSW,12
2019-12-24 01:10:00,B6,187,21,18,15,N,20
2020-01-15 02:00:00,9E,425,30,22,8,WNW,15
2020-01-09 01:24:00,9E,184,38,30,7,S,36
2019-11-12 01:15:00,YX,213,22,18,15,NW,16
2020-01-01 03:08:00,B6,944,31,26,18,W,12
2019-12-15 02:43:00,DL,760,16,51,21,W,16
2019-11-11 01:56:00,9E,340,30,31,12,S,20
2020-01-08 02:17:00,B6,636,39,27,31,WNW,27
2019-12-21 02:22:00,MQ,589,32,30,8,SW,13
2019-11-05 02:21:00,DL,541,35,26,13,WSW,24
2020-01-14 01:26:00,9E,184,17,42,3,ESE,13
2019-11-16 02:32:00,DL,760,33,25,7,NE,12
2019-11-22 01:21:00,9E,184,20,53,9,SSW,13
2020-01-12 02:10:00,AA,541,23,19,25,S,21
2019-12-22 02:07:00,YX,483,19,43,9,WSW,13
2019-11-16 02:48:00,B6,944,14,7,17,NNE,14
2019-12-18 02:22:00,MQ,589,36,39,15,W,19
2019-11-13 02:48:00,B6,944,17,10,23,NW,39
2019-12-08 01:35:00,9E,266,25,23,14,S,16
2019-12-10 02:52:00,DL,760,29,40,16,W,20
2019-12-27 02:44:00,B6,828,42,35,9,W,12
2019-12-14 02:13:00,AA,541,20,20,3,E,18
2020-01-30 01:16:00,AA,187,17,40,9,NE,23
2019-12-27 03:01:00,DL,944,19,28,7,SSW,23
2019-12-20 01:21:00,MQ,184,35,33,9,NNW,30
2019-11-12 02:57:00,DL,944,28,37,20,NW,31
2019-12-21 01:48:00,9E,266,31,32,7,WSW,22
2019-11-14 02:42:00,MQ,765,41,26,7,SSW,20
2019-11-22 01:15:00,9E,184,43,31,12,WNW,32
2020-01-03 03:13:00,DL,944,28,43,10,WSW,15
2019-11-26 02:39:00,DL,760,37,23,10,S,15
2019-11-06 02:44:00,OO,765,18,52,12,WNW,18
2019-12-04 02:43:00,B6,740,30,36,12,W,12
2020-01-02 01:23:00,B6,264,34,18,3,SSE,11
2019-12-11 01:11:00,B6,266,35,27,10,SW,13
2020-01-30 01:18:00,B6,187,37,28,3,VAR,17
2020-01-08 01:16:00,AA,187,14,37,20,W,16
2019-12-16 02:27:00,DL,636,41,27,5,NNW,19
2019-11-15 02:50:00,AA,740,23,10,7,WSW,20
2019-11-22 01:10:00,B6,187,20,29,17,SW,13
2019-11-22 01:59:00,YX,483,37,31,25,NW,23
2020-01-27 01:26:00,9E,184,18,41,16,WSW,13
2019-12-25 03:04:00,B6,944,19,23,0,CALM,18
2020-01-29 02:48:00,B6,740,17,45,15,N,15
2020-01-15 02:38:00,DL,760,19,46,15,WNW,15
2020-01-04 01:15:00,B6,266,34,38,8,ESE,30
2020-01-04 02:17:00,B6,636,44,24,10,W,24
2020-01-24 02:46:00,9E,765,37,41,9,ENE,27
2019-11-11 02:26:00,9E,636,30,31,12,S,17
2020-01-23 03:00:00,DL,944,18,46,9,WSW,32
2020-01-08 01:15:00,B6,266,37,40,15,W,20
2019-11-30 02:21:00,MQ,589,35,32,7,N,13
2019-11-25 01:34:00,9E,264,31,29,9,SW,23
2020-01-07 01:37:00,9E,301,19,29,0,CALM,11
2020-01-31 00:57:00,B6,150,32,20,6,N,19
2019-12-27 03:08:00,AA,740,31,28,6,S,15
2020-01-07 02:19:00,9E,509,29,32,10,E,22
2019-12-02 02:12:00,B6,636,39,27,14,N,39
2019-11-01 01:54:00,9E,340,35,25,15,NNW,16
2019-11-21 01:23:00,9E,213,25,20,8,NW,18
2019-12-01 02:14:00,AA,541,32,34,18,ENE,31
2019-11-10 01:34:00,MQ,290,28,41,9,WSW,22
2019-11-30 01:24:00,YX,187,29,24,12,NNW,17
2019-12-09 02:11:00,9E,425,35,26,7,S,17
2020-01-12 01:45:00,9E,213,38,29,20,WNW,21
2019-12-31 01:44:00,MQ,340,34,31,15,WSW,19
2019-11-18 01:20:00,9E,209,21,18,12,N,11
2020-01-17 01:22:00,9E,273,32,34,12,NNW,23
2019-11-21 02:43:00,B6,740,31,41,8,N,17
2019-11-30 01:24:00,B6,301,39,27,13,N,14
2019-11-21 01:11:00,B6,187,35,35,13,SW,24
2019-11-23 02:04:00,B6,636,18,7,10,NW,17
2019-12-19 02:43:00,B6,760,35,39,22,WNW,27
2020-01-02 01:30:00,MQ,290,30,43,12,SSW,26
2019-12-11 01:57:00,9E,427,20,30,6,N,19
2019-11-23 01:33:00,9E,290,38,26,9,WSW,18
2019-12-07 02:56:00,B6,944,15,44,16,NW,22
2020-01-22 02:43:00,B6,760,33,32,6,SW,23
2019-12-11 01:16:00,B6,209,29,42,17,W,18
2020-01-27 01:22:00,B6,264,35,41,14,WSW,14
2019-11-23 01:55:00,MQ,427,32,44,10,SSW,37
2020-01-31 02:23:00,YX,665,39,29,9,ESE,15
2019-12-17 01:42:00,9E,264,30,32,12,NNW,28
2019-12-03 01:27:00,9E,213,27,19,22,NW,31
2019-11-25 01:41:00,9E,213,31,27,10,SW,8
2019-11-26 01:13:00,B6,187,19,18,5,SSE,18
2020-01-08 02:19:00,9E,665,23,19,22,W,23
2019-12-15 02:43:00,DL,760,35,27,23,W,28
2019-12-23 03:07:00,YX,740,37,37,12,WSW,21
2020-01-11 01:42:00,9E,213,34,30,24,S,36
2019-11-07 02:32:00,DL,541,28,40,16,WNW,15
2019-12-14 01:43:00,9E,290,24,24,31,WSW,31
2020-01-06 01:48:00,MQ,340,36,38,10,SW,38
2019-11-25 01:23:00,9E,213,23,20,14,SW,14
2019-11-24 02:42:00,MQ,765,43,30,21,NW,19
2019-11-07 01:23:00,9E,213,26,22,13,SW,15
2020-01-29 01:16:00,AA,187,14,37,12,N,18
2019-11-24 01:24:00,B6,301,38,25,21,WNW,13
2019-11-26 01:12:00,B6,266,24,18,7,SSW,20
2020-01-20 01:35:00,9E,301,34,38,21,NNW,14
2019-11-22 02:26:00,9E,718,40,27,18,NW,22
2020-01-23 02:49:00,DL,828,37,41,7,WSW,26
2019-12-11 02:40:00,B6,760,33,31,14,WSW,12
2020-01-09 01:35:00,9E,228,38,30,6,S,18
2019-12-23 01:33:00,MQ,290,37,36,14,SW,22
2019-11-19 01:35:00,9E,264,29,36,9,W,25
2019-12-31 01:23:00,B6,187,34,31,15,WSW,14
2019-12-18 01:27:00,9E,213,25,25,18,W,16
2019-11-01 01:32:00,MQ,290,24,40,17,NW,36
2019-12-07 01:33:00,9E,228,38,25,15,NNW,25
2020-01-23 02:13:00,AA,541,27,31,5,S,12
2020-01-12 02:04:00,9E,427,37,39,14,WNW,21
2019-12-01 01:55:00,YX,483,19,38,10,ENE,18
2019-11-20 02:26:00,9E,718,34,28,12,N,31
2019-12-26 02:10:00,AA,541,42,27,10,NNE,29
2019-12-09 01:17:00,AA,187,32,27,10,SW,20
2019-11-24 01:47:00,9E,427,22,28,22,NW,17
2019-11-04 02:02:00,9E,425,20,53,8,SE,23
2019-11-14 02:37:00,DL,760,28,40,10,SW,10
2019-12-08 01:11:00,B6,266,25,23,14,S,17
2020-01-27 01:24:00,B6,301,22,20,17,WSW,21
2020-01-28 02:00:00,9E,340,37,37,21,NW,18
2019-12-10 01:43:00,9E,301,30,30,10,W,16
2019-12-25 01:33:00,9E,266,19,19,0,CALM,20
2019-11-20 02:50:00,OO,765,36,30,12,N,15
2020-01-31 01:31:00,B6,301,39,25,8,E,24
2019-11-25 02:35:00,DL,760,17,51,8,W,21
2019-11-14 01:34:00,MQ,290,28,40,10,SW,16
2019-11-01 02:17:00,9E,425,24,40,12,NNW,31
2019-12-09 02:43:00,DL,760,20,52,20,S,39
2020-01-12 03:12:00,DL,944,32,40,12,NW,22
2019-11-30 01:15:00,9E,184,40,30,13,N,18
2019-11-04 02:05:00,9E,425,28,38,17,S,20
2019-12-09 01:18:00,B6,264,19,19,13,SW,24
2019-11-20 02:20:00,DL,636,19,52,14,NNW,17
2019-12-03 03:04:00,9E,828,33,43,17,NW,23
2020-01-09 01:12:00,B6,187,22,19,15,NW,14
2019-11-07 01:22:00,B6,264,21,17,18,SSW,16
2020-01-18 01:15:00,B6,266,28,35,5,NNE,21
2019-12-21 02:50:00,YX,740,19,30,5,NNE,31
2019-12-18 01:25:00,B6,301,21,17,24,NW,26
2020-01-24 01:15:00,AA,187,23,17,10,NE,19
2020-01-24 01:32:00,9E,266,31,20,10,ENE,19
2019-12-15 01:20:00,9E,184,43,28,23,W,30
2020-01-10 01:20:00,B6,264,29,20,5,WSW,11
2019-12-20 01:26:00,DL,187,35,33,12,N,29
2019-12-18 03:02:00,9E,740,15,49,12,W,28
2019-11-30 01:30:00,9E,187,32,34,8,NNE,29
2019-11-01 01:22:00,9E,290,18,30,25,WNW,19
2019-12-06 02:40:00,B6,760,34,28,20,SW,15
2019-11-10 01:15:00,B6,266,29,34,10,SSW,15
2019-12-08 01:54:00,9E,340,34,37,6,ENE,18
2019-12-08 02:04:00,DL,509,44,27,13,SSW,16
2019-11-14 01:12:00,B6,266,28,21,9,SSW,10
2019-11-19 01:23:00,9E,273,31,21,7,N,13
2019-11-03 01:34:00,MQ,290,26,41,9,W,12
2020-01-21 01:41:00,9E,290,39,25,14,N,23
2020-01-14 01:24:00,DL,187,36,39,3,NNE,10
2019-12-30 02:40:00,DL,760,21,51,16,ENE,36
2020-01-04 03:01:00,DL,944,17,32,8,SW,27
2019-11-08 02:54:00,OO,740,27,36,15,NW,33
2019-11-08 02:21:00,DL,541,35,30,22,NNW,19
2019-11-10 01:26:00,MQ,290,18,49,17,SW,17
2020-01-28 01:35:00,9E,264,25,26,18,NW,21
2019-12-05 02:04:00,DL,509,25,22,25,WNW,23
2019-12-17 02:18:00,AA,541,30,32,13,N,15
2019-11-25 02:31:00,MQ,665,31,27,10,SW,27
2019-12-12 01:30:00,B6,301,36,39,3,ESE,19
2019-11-18 01:59:00,YX,483,37,29,14,NNW,15
2019-11-24 01:44:00,9E,301,34,32,21,NW,18
2019-12-13 01:25:00,9E,187,19,32,9,SE,28
2019-11-16 02:56:00,B6,944,18,39,22,NE,11
2019-11-21 01:15:00,B6,187,37,31,12,WSW,18
2019-12-02 01:17:00,AA,187,26,18,12,N,24
2019-11-08 02:33:00,MQ,665,37,27,18,NW,11
2020-01-14 02:22:00,B6,718,20,18,6,NNE,15
2019-12-27 01:28:00,9E,273,42,35,9,WSW,32
2020-01-06 01:22:00,9E,184,33,35,9,W,11
2019-12-03 02:12:00,B6,636,40,27,24,NW,20
2019-12-13 01:20:00,9E,184,35,28,7,NNE,21
2019-12-03 02:43:00,DL,760,40,27,21,NW,17
2019-12-16 02:08:00,AA,541,41,27,5,NNW,19
2020-01-13 02:01:00,YX,483,38,31,6,NNW,14
2020-01-09 01:24:00,DL,187,35,45,12,NW,27
2019-11-16 01:48:00,9E,427,28,31,24,NE,22
2020-01-15 02:05:00,DL,427,19,46,12,WNW,31
2020-01-05 02:15:00,YX,483,32,41,15,WNW,20
2020-01-03 01:23:00,9E,184,15,38,8,SSW,8
2019-11-29 01:28:00,9E,273,24,40,14,N,34
2019-12-15 01:27:00,YX,213,22,32,28,W,25
2020-01-04 01:29:00,B6,301,34,38,8,ESE,39
2019-12-12 01:35:00,9E,266,26,22,6,VAR,19
2019-12-22 03:03:00,DL,944,36,29,9,WSW,12
2020-01-18 02:11:00,9E,425,16,18,20,WSW,29
2020-01-11 02:28:00,YX,665,34,30,24,S,25
2019-11-16 01:18:00,9E,266,25,23,20,ENE,21
2020-01-06 02:44:00,B6,828,41,34,14,SW,33
2019-12-04 01:33:00,9E,264,33,25,13,WSW,15
2020-01-22 03:02:00,9E,740,36,28,0,CALM,18
2019-12-08 02:53:00,9E,765,16,50,5,E,16
2019-11-08 01:56:00,9E,425,25,21,22,NW,22
2019-11-30 01:11:00,MQ,94,29,24,9,N,20
2020-01-28 03:02:00,B6,944,33,31,20,NW,21
2019-12-05 01:45:00,B6,427,32,31,17,WNW,23
2019-12-09 01:15:00,B6,266,32,37,0,CALM,12
2020-01-24 02:44:00,B6,828,37,30,8,ENE,17
2020-01-07 02:33:00,DL,760,39,32,8,SE,20
2020-01-16 03:12:00,DL,944,33,41,26,WNW,39
2020-01-19 02:32:00,DL,760,20,7,9,WSW,11
2019-12-11 01:27:00,YX,213,25,26,3,NE,13
2020-01-08 01:27:00,9E,209,30,29,22,NW,26
2019-11-10 01:53:00,OO,340,38,27,7,SW,11
2019-12-21 02:54:00,B6,740,38,35,8,SW,18
2019-11-18 01:11:00,B6,187,36,31,12,N,13
2019-12-08 01:17:00,B6,264,22,32,14,S,18
2019-11-19 02:23:00,B6,718,14,16,10,WSW,16
2019-11-23 02:45:00,MQ,765,32,44,10,SSW,37
2019-12-04 01:58:00,9E,288,29,41,15,W,25
2019-12-07 01:27:00,MQ,290,15,44,16,NW,23
2019-11-05 02:27:00,9E,665,31,36,10,WSW,11
2020-01-17 02:43:00,B6,760,34,33,18,NNW,14
2020-01-15 01:49:00,B6,427,19,46,12,WNW,26
2019-11-14 01:17:00,B6,264,20,29,9,SSW,13
2019-11-10 02:50:00,OO,765,38,27,7,SW,19
2019-12-04 01:42:00,9E,264,31,30,12,W,19
2020-01-30 02:14:00,9E,425,38,30,7,NE,20
2019-11-16 01:17:00,B6,264,25,23,20,ENE,14
2019-11-09 02:55:00,B6,944,20,28,5,SW,21
2019-11-02 02:11:00,AA,541,35,29,5,E,14
2019-11-12 01:45:00,B6,427,27,31,23,NW,18
2019-12-26 01:48:00,9E,266,30,35,12,E,16
2019-11-12 01:27:00,9E,228,33,28,16,NNW,15
2020-01-17 02:42:00,DL,760,39,30,17,NW,23
2019-12-14 01:35:00,9E,266,20,23,13,SE,20
2020-01-30 02:43:00,B6,760,36,33,5,N,25
2020-01-31 02:23:00,DL,636,16,40,7,ESE,15
2019-12-03 02:43:00,B6,740,19,50,16,NW,32
2019-11-04 01:10:00,B6,187,21,32,9,S,18
2020-01-17 01:35:00,9E,264,28,29,14,NW,38
2020-01-14 02:47:00,DL,760,34,26,5,E,16
2019-12-20 02:42:00,DL,828,19,55,13,NW,24
2019-11-03 01:36:00,9E,288,33,28,14,NW,23
2020-01-30 01:24:00,DL,187,18,46,12,NNE,30
2019-12-27 00:57:00,B6,150,36,17,7,W,17
2019-11-29 01:42:00,9E,290,24,40,14,N,28
2019-12-17 02:13:00,AA,541,29,27,13,NNW,14
2019-12-31 01:45:00,9E,288,38,24,12,SW,20
2019-11-13 00:59:00,B6,150,32,23,7,NNE,20
2020-01-04 03:08:00,AA,740,29,29,7,WSW,19
2020-01-05 02:44:00,MQ,765,39,27,21,NW,35
2020-01-04 01:59:00,9E,427,18,50,7,E,27
2019-12-02 02:44:00,OO,765,19,40,14,N,11
2019-11-19 01:20:00,YX,213,19,30,13,W,16
2020-01-10 01:17:00,B6,209,36,42,13,SW,19
2019-12-24 02:21:00,DL,509,26,35,10,N,34
2020-01-02 03:02:00,YX,828,29,34,8,SSW,33
2019-11-14 01:26:00,MQ,290,30,36,5,N,26
2019-12-27 02:17:00,B6,636,41,27,7,S,9
2019-12-26 02:42:00,B6,828,36,37,8,NNE,34
2019-12-16 01:23:00,9E,273,31,26,5,ENE,33
2019-12-25 01:21:00,9E,184,30,24,6,SSE,20
2019-11-10 02:12:00,AA,541,34,31,12,WSW,13
2020-01-27 01:24:00,YX,187,27,30,13,NW,16
2019-11-06 01:17:00,B6,264,17,17,9,NW,12
2019-11-07 02:31:00,DL,760,22,30,12,SW,35
2019-12-30 01:15:00,B6,266,35,35,16,ENE,30
2019-12-17 02:23:00,B6,718,34,38,17,NE,31
2019-11-12 01:29:00,DL,187,28,37,20,NW,32
2019-11-24 02:43:00,B6,740,31,36,15,NE,18
2019-11-06 02:21:00,B6,718,35,29,13,W,21
2019-11-14 02:56:00,B6,944,30,36,5,N,14
2019-11-01 02:28:00,MQ,665,32,25,14,W,13
2019-12-14 03:09:00,9E,740,35,39,20,WSW,35
2019-11-06 02:05:00,9E,425,28,37,12,WSW,25
2019-12-25 01:15:00,B6,209,20,17,7,N,32
2019-12-27 02:43:00,DL,760,20,54,9,SSW,24
2019-11-04 02:55:00,B6,944,23,18,9,S,15
2019-11-09 01:23:00,B6,301,25,18,16,SW,18
2020-01-27 01:44:00,MQ,340,38,26,13,W,40
2019-12-10 02:21:00,B6,718,35,28,14,SW,17
2020-01-26 03:04:00,9E,828,32,40,15,W,35
2020-01-25 01:12:00,B6,187,19,13,15,ENE,13
2020-01-09 02:09:00,9E,425,20,48,12,NW,25
2019-11-16 01:28:00,AA,213,18,14,14,NNE,16
2020-01-26 01:19:00,9E,184,38,26,18,W,11
2020-01-27 02:28:00,9E,718,18,41,16,WSW,20
2019-12-23 02:07:00,YX,483,17,41,10,SW,13
2020-01-13 02:05:00,DL,427,20,46,9,NNE,12
2020-01-15 02:06:00,DL,509,30,22,8,WNW,21
2019-12-13 01:44:00,MQ,340,35,28,7,NNE,20
2019-11-05 01:16:00,B6,209,28,36,10,WSW,20
2019-11-17 02:56:00,B6,944,21,32,23,NNE,20
2020-01-10 02:55:00,9E,765,38,30,7,SSW,19
2020-01-21 03:12:00,DL,944,34,28,13,NNW,19
2019-12-27 02:54:00,B6,740,37,35,6,S,19
2020-01-03 02:13:00,9E,509,22,18,7,SW,11
2020-01-26 03:10:00,AA,740,39,29,10,WSW,17
2020-01-06 02:03:00,YX,483,36,33,22,WNW,27
2019-11-30 02:35:00,DL,760,35,32,3,N,16
2019-12-04 02:31:00,B6,760,16,19,14,W,22
2019-12-10 01:35:00,MQ,290,29,40,14,W,16
2019-11-10 02:26:00,9E,718,38,27,7,SW,17
2019-12-06 01:30:00,B6,301,27,42,14,W,19
2020-01-28 01:31:00,MQ,288,16,26,20,NW,14
2019-12-17 01:19:00,MQ,184,36,28,13,N,12
2019-11-29 01:08:00,B6,187,27,16,13,NNW,15
2019-11-27 01:30:00,MQ,290,35,30,23,S,24
2019-12-21 01:33:00,MQ,290,38,35,3,SSW,19
2019-11-20 01:30:00,MQ,290,36,30,12,N,16
2020-01-28 01:22:00,9E,184,25,26,18,NW,14
2019-12-09 02:54:00,OO,740,21,32,17,S,24
2020-01-17 02:44:00,B6,828,37,30,16,NNW,17
2020-01-24 01:26:00,9E,184,18,47,5,NE,16
2019-12-15 01:23:00,9E,273,34,25,12,WNW,27
2020-01-07 01:34:00,9E,264,36,37,8,W,18
2019-12-13 01:10:00,B6,187,21,30,9,ESE,21
2019-11-15 01:59:00,YX,483,37,29,10,WSW,15
2019-12-02 03:03:00,OO,740,45,30,25,NW,21
2020-01-10 02:44:00,DL,760,37,40,0,CALM,12
2019-12-25 01:15:00,B6,266,31,17,0,CALM,17
2019-12-04 01:35:00,MQ,290,29,41,15,W,23
2019-12-11 01:27:00,9E,213,25,26,5,SW,14
2019-12-13 01:23:00,B6,301,36,26,7,ENE,14
2019-12-21 01:11:00,B6,266,23,19,3,VAR,14
2020-01-03 01:24:00,B6,264,18,29,7,SSW,21
2019-11-24 01:29:00,9E,209,34,32,14,W,22
2019-11-11 02:56:00,B6,944,36,32,6,ESE,16
2019-11-10 01:25:00,9E,273,34,31,12,WSW,17
2020-01-08 01:35:00,9E,264,29,31,22,NW,24
2019-12-03 01:55:00,9E,427,42,28,25,NW,20
2019-11-12 01:25:00,B6,301,22,18,17,NW,18
2019-11-01 03:06:00,DL,944,24,40,17,NW,13
2019-11-27 02:13:00,DL,509,34,42,13,SW,30
2020-01-30 01:36:00,9E,187,39,29,7,SE,19
2019-11-15 02:47:00,9E,740,24,21,10,WSW,17
2019-12-01 02:12:00,B6,636,43,27,22,ENE,24
2020-01-03 03:03:00,YX,740,20,54,10,SW,33
2019-12-17 02:38:00,DL,760,21,9,13,NNE,32
2020-01-07 02:37:00,DL,760,18,8,10,W,20
2019-11-07 01:25:00,9E,273,37,32,7,SSW,20
2020-01-19 01:36:00,9E,228,19,45,13,WNW,16
2019-11-06 01:27:00,9E,213,18,52,12,WNW,20
2019-12-05 01:34:00,9E,187,36,31,24,WNW,26
2019-11-24 01:44:00,B6,427,17,49,14,NE,20
2020-01-30 02:44:00,B6,828,38,30,7,NE,20
2020-01-14 02:10:00,AA,541,20,18,7,NNE,17
2020-01-16 02:18:00,9E,509,21,18,13,W,20
2019-11-30 01:46:00,9E,340,31,36,10,N,28
2019-12-26 01:21:00,9E,184,32,28,13,E,15
2020-01-17 01:31:00,MQ,288,17,28,21,NNW,20
2020-01-21 01:37:00,MQ,288,38,30,14,N,25
2019-12-31 01:42:00,9E,290,34,31,15,WSW,16
2020-01-26 01:15:00,AA,187,22,18,15,W,24
2019-12-02 01:10:00,B6,187,25,21,16,N,30
2019-11-09 02:11:00,B6,636,35,26,9,SSW,15
2020-01-06 03:12:00,DL,944,33,42,14,SW,15
2019-12-05 01:20:00,9E,184,43,27,21,WNW,26
2020-01-09 02:06:00,DL,509,28,20,8,N,22
2020-01-11 01:37:00,MQ,288,34,30,24,S,24
2020-01-02 02:51:00,9E,765,18,39,7,WSW,18
2019-12-12 01:40:00,9E,266,30,30,0,CALM,21
2019-11-04 02:37:00,DL,760,33,39,15,S,31
2019-11-15 01:29:00,DL,187,27,40,12,W,21
2019-12-30 02:26:00,B6,718,35,36,25,E,22
2020-01-14 01:15:00,B6,266,36,39,3,NNE,16
2020-01-01 02:21:00,9E,589,34,40,16,W,34
2020-01-22 02:13:00,AA,541,27,27,6,NW,18
2019-11-11 01:23:00,9E,209,30,31,17,SSW,18
2019-12-05 01:44:00,B6,427,34,39,12,W,17
2020-01-03 01:52:00,B6,427,37,29,6,WSW,12
2019-12-13 01:27:00,MQ,290,19,52,9,SE,18
2019-12-25 02:17:00,B6,636,38,27,6,S,17
2020-01-30 01:53:00,9E,340,38,30,5,NE,14
2019-11-18 02:31:00,B6,828,35,29,14,NNW,15
2019-11-01 01:51:00,9E,427,19,46,21,W,12
2019-12-13 01:15:00,B6,266,33,38,5,NNE,22
2019-12-14 01:10:00,B6,187,30,36,10,S,24
2019-11-22 02:56:00,B6,944,28,32,24,WNW,23
2019-12-14 01:48:00,9E,266,39,26,23,WSW,25
2019-11-03 02:08:00,DL,636,42,25,16,WNW,17
2019-11-16 02:17:00,DL,541,28,31,20,NE,14
2020-01-09 01:38:00,DL,213,38,30,7,S,29
2019-12-21 01:32:00,YX,187,36,47,3,SW,41
2020-01-20 02:20:00,9E,509,17,41,23,NNW,30
2019-12-13 02:43:00,DL,760,36,26,9,ENE,31
2020-01-24 01:31:00,AA,213,23,18,0,CALM,25
2020-01-31 02:04:00,9E,425,39,25,8,E,26
2020-01-16 01:45:00,9E,213,38,30,23,NW,24
2019-11-03 01:30:00,AA,213,22,16,12,WNW,16
2019-12-23 02:17:00,AA,541,37,37,12,WSW,13
2019-12-26 02:34:00,DL,760,42,27,10,NNE,29
2019-12-22 01:16:00,AA,187,19,23,14,SW,19
2019-12-17 01:21:00,DL,187,18,19,17,NE,28
2019-12-26 02:21:00,YX,541,21,41,8,NNE,19
2019-11-04 01:09:00,B6,187,27,23,15,S,11
2020-01-31 01:21:00,MQ,184,39,29,9,ESE,25
2019-11-19 01:37:00,9E,290,34,28,10,N,24
2019-11-13 01:30:00,9E,187,32,23,7,NNE,13
2019-12-24 01:38:00,YX,301,18,26,17,N,18
2020-01-27 02:01:00,YX,483,39,31,13,W,33
2020-01-30 02:07:00,YX,483,37,28,3,VAR,14
2019-12-29 01:22:00,B6,264,34,34,7,NE,24
2020-01-30 01:22:00,DL,187,28,31,5,E,14
2019-12-16 03:03:00,9E,740,42,28,3,E,27
2020-01-27 02:43:00,B6,760,35,41,14,WSW,18
2020-01-12 02:28:00,9E,718,18,39,25,WSW,36
2019-12-20 01:23:00,9E,184,19,55,13,NW,28
2019-11-26 01:41:00,OO,301,31,20,5,WSW,23
2019-11-18 02:20:00,DL,636,21,53,12,NNE,25
2019-11-11 01:27:00,9E,228,34,39,10,SSE,17
2019-12-10 03:09:00,9E,740,35,28,14,SW,22
2020-01-31 02:59:00,DL,944,34,31,9,ESE,16
2019-12-13 01:24:00,B6,301,33,38,5,NNE,26
2019-11-27 01:20:00,9E,187,20,39,10,SE,19
2019-12-15 01:11:00,B6,187,32,31,18,W,18
2019-11-06 02:04:00,9E,427,43,29,12,WSW,28
2019-12-21 01:43:00,YX,264,31,32,7,WSW,26
2019-12-07 01:18:00,B6,264,27,20,10,N,17
2019-12-01 02:14:00,AA,541,18,19,3,NE,17
2019-12-24 01:21:00,MQ,184,31,24,10,N,31
2019-11-26 01:17:00,AA,187,20,37,6,SSW,16
2019-11-08 02:20:00,9E,589,34,39,22,NW,24
2019-12-17 01:30:00,B6,301,31,41,8,NNW,19
2019-12-04 01:10:00,B6,187,19,30,14,W,9
2020-01-23 02:53:00,B6,944,31,34,5,S,13
2019-11-07 02:50:00,OO,765,38,29,9,SSW,11
2019-12-26 02:43:00,B6,760,36,37,6,N,36
2019-11-17 02:20:00,DL,636,18,50,18,NE,16
2019-12-23 03:04:00,B6,944,20,30,12,SW,20
2019-11-01 02:40:00,OO,765,35,34,17,NW,7
2019-12-09 01:57:00,MQ,425,23,19,22,S,32
2020-01-28 01:19:00,9E,184,39,25,22,NW,16
2020-01-22 01:20:00,B6,209,36,35,0,CALM,27
2020-01-30 02:22:00,B6,718,20,19,10,N,14
2019-11-01 02:08:00,DL,636,32,22,17,WNW,26
2019-11-20 02:02:00,9E,425,19,52,14,NNW,30
2019-12-17 02:47:00,DL,828,36,27,14,NNE,22
2020-01-12 01:31:00,B6,301,29,28,16,WNW,15
2019-11-08 02:13:00,DL,509,26,40,18,NNW,22
2019-12-10 01:41:00,9E,264,19,29,7,SW,25
2020-01-19 02:11:00,AA,541,28,38,16,WNW,17
2020-01-09 01:24:00,B6,301,21,23,13,NNW,11
2020-01-04 01:22:00,B6,264,34,38,8,ESE,38
2019-11-04 02:15:00,DL,541,21,32,9,S,24
2020-01-02 02:34:00,DL,760,40,27,9,SSW,20
2019-12-05 01:18:00,B6,264,33,27,23,WNW,20
2019-12-16 02:05:00,9E,427,42,28,3,E,27
2020-01-13 01:10:00,B6,187,28,22,6,N,14
2019-11-23 02:01:00,9E,427,40,30,7,SW,21
2019-12-06 01:40:00,9E,266,29,28,16,NW,21
2019-12-08 01:20:00,YX,187,22,19,9,SE,11
2020-01-06 02:34:00,9E,718,35,30,14,WNW,31
2020-01-28 01:34:00,B6,301,33,35,22,NW,21
2019-11-26 01:34:00,MQ,290,31,43,7,SW,27
2019-11-12 01:20:00,B6,301,21,9,8,SW,12
2020-01-29 01:18:00,B6,187,38,26,15,NNW,15
2019-11-03 02:21:00,B6,718,33,28,14,WNW,19
2019-11-08 02:18:00,AA,541,21,52,21,NW,26
2019-11-24 02:05:00,9E,425,33,40,24,W,31
2020-01-19 01:53:00,9E,340,35,25,17,WNW,22
2020-01-23 01:29:00,9E,273,37,27,5,SSW,34
2020-01-13 02:03:00,YX,483,17,40,7,ENE,18
2019-11-18 01:13:00,B6,209,20,16,13,NNE,16
2020-01-25 01:24:00,B6,301,16,31,30,E,32
2019-11-05 01:16:00,9E,187,22,18,12,S,10
2020-01-12 01:52:00,B6,427,31,30,16,WNW,12
2020-01-05 01:44:00,MQ,340,38,32,24,NW,35
2019-11-01 02:36:00,9E,828,19,46,21,W,24
2020-01-05 01:10:00,B6,187,34,18,10,WNW,14
2019-12-01 01:30:00,OO,301,46,31,15,NE,41
2020-01-03 01:59:00,9E,427,20,54,9,SSW,23
2020-01-21 03:00:00,DL,944,16,41,7,N,15
2020-01-29 01:53:00,9E,288,34,26,13,N,19
2019-11-05 01:38:00,OO,288,16,29,12,S,21
2020-01-27 01:23:00,9E,266,30,20,16,WSW,12
2019-12-17 01:23:00,B6,301,22,19,10,NE,31
2020-01-27 02:05:00,AA,541,30,20,16,WSW,14
2019-12-03 01:21:00,B6,264,32,39,16,N,37
2019-12-10 01:50:00,9E,288,35,28,14,SW,20
2019-11-13 01:54:00,MQ,427,31,28,7,NNW,25
2019-11-27 02:11:00,B6,636,37,28,16,S,14
2019-12-17 01:35:00,9E,266,26,23,14,NNE,13
2019-12-12 02:11:00,YX,483,41,30,0,CALM,30
2020-01-07 02:08:00,9E,427,16,44,8,W,20
2019-12-13 01:16:00,B6,209,35,40,8,ENE,32
2019-12-12 01:25:00,DL,187,32,32,3,SSE,16
2019-11-21 01:45:00,MQ,340,38,34,8,SSW,21
2020-01-31 02:01:00,YX,483,34,31,9,ESE,14
2020-01-22 01:32:00,9E,266,27,29,5,SSW,22
2019-11-07 02:53:00,B6,740,38,29,7,SSW,15
2020-01-03 01:15:00,B6,209,25,20,8,SSW,25
2019-12-09 01:36:00,DL,213,32,27,14,SSW,17
2019-12-28 03:08:00,AA,740,38,35,6,NW,24
2019-11-27 02:48:00,B6,944,34,22,15,WSW,12
2019-12-21 02:51:00,9E,765,15,46,6,NNE,18
2019-12-08 02:11:00,9E,425,36,26,16,S,15
2019-12-04 02:46:00,DL,760,31,30,12,WSW,15
2019-12-09 01:27:00,YX,213,21,32,17,S,37
2020-01-02 01:20:00,B6,209,30,43,12,SSW,38
2020-01-27 01:24:00,B6,301,22,18,15,WSW,15
2020-01-29 01:33:00,MQ,290,36,30,15,N,23
2019-12-19 01:53:00,B6,427,37,40,15,NW,16
2020-01-23 01:31:00,9E,264,31,34,5,S,19
2019-11-17 01:27:00,9E,228,34,32,18,NNE,19
2019-11-21 01:18:00,AA,187,31,41,3,NNE,17
2019-12-28 01:38:00,9E,301,25,17,8,W,15
2019-12-06 02:40:00,DL,760,21,30,14,SSW,21
2020-01-23 02:06:00,DL,509,30,18,7,WSW,10
2019-12-10 02:42:00,DL,828,19,29,7,SW,18
2019-11-09 01:18:00,B6,264,25,18,16,SW,15
2020-01-20 01:19:00,9E,184,37,25,16,N,18
2020-01-07 01:54:00,9E,340,42,25,13,ENE,23
2019-11-22 01:27:00,9E,228,33,38,30,WNW,19
2020-01-01 01:18:00,YX,213,19,26,23,NW,14
2019-12-25 03:02:00,DL,944,38,27,6,S,18
2019-12-10 01:20:00,9E,184,44,27,10,SW,20
2019-11-30 01:18:00,B6,264,18,20,7,NNE,20
2019-11-25 01:29:00,DL,187,31,40,5,S,41
2019-12-16 02:26:00,DL,636,20,51,9,NNW,23
2020-01-17 02:38:00,DL,760,16,40,25,NNW,23
2019-11-05 02:48:00,B6,944,27,21,12,WNW,17
2019-12-09 01:40:00,9E,288,19,34,22,S,36
2019-12-20 02:17:00,AA,541,35,39,13,N,18
2019-12-30 01:33:00,MQ,290,35,36,14,N,18
2020-01-13 03:05:00,B6,944,36,30,5,N,16
2019-11-23 01:33:00,9E,264,17,52,10,WNW,39
2020-01-30 01:33:00,MQ,290,39,29,6,SE,19
2019-11-22 02:36:00,B6,760,40,27,18,NW,16
2019-11-23 01:30:00,MQ,290,40,30,7,SW,18
2019-11-15 01:56:00,9E,340,34,32,10,NW,27
2019-11-25 01:37:00,9E,290,31,29,9,SW,22
2020-01-02 02:54:00,B6,740,37,34,14,S,18
2019-11-04 02:21:00,DL,541,28,35,8,SE,13
2019-11-04 01:30:00,9E,187,31,29,10,SW,18
2019-11-07 01:22:00,9E,228,44,27,14,WSW,28
2019-12-11 03:03:00,B6,944,32,30,17,WSW,16
2019-11-29 01:26:00,DL,187,24,40,14,N,11
2019-12-05 01:37:00,9E,213,20,51,12,W,13
2020-01-24 01:21:00,MQ,184,38,31,8,ESE,11
2020-01-10 02:49:00,DL,828,17,27,9,WSW,16
2019-12-16 02:56:00,B6,944,32,38,9,NNW,27
2019-12-06 02:11:00,9E,425,36,26,20,SW,24
2019-12-18 01:41:00,9E,301,32,38,12,W,20
2020-01-13 01:31:00,AA,213,23,19,7,NE,16
2019-12-12 01:29:00,DL,187,29,42,0,CALM,16
2020-01-29 02:28:00,9E,718,14,37,12,N,19
2019-12-29 01:11:00,B6,266,22,20,6,ESE,22
2020-01-07 02:28:00,B6,718,22,22,8,W,18
2019-12-31 01:32:00,YX,187,30,24,9,WSW,18
2020-01-28 02:46:00,9E,765,33,35,22,NW,16
2020-01-26 03:06:00,DL,944,31,30,10,WSW,17
2019-11-20 02:51:00,9E,828,30,39,14,NNW,13
2019-11-17 02:47:00,9E,740,26,23,24,NNE,22
2020-01-25 01:31:00,9E,264,16,44,18,ENE,36
2019-11-20 01:15:00,9E,184,44,28,20,NNW,13
2019-11-01 01:35:00,OO,213,36,25,14,W,16
2019-11-23 01:19:00,MQ,94,40,30,7,SW,19
2019-12-22 03:03:00,YX,740,35,35,10,WSW,29
2020-01-23 01:24:00,DL,187,37,41,7,WSW,19
2019-11-10 01:12:00,B6,266,26,22,9,SW,11
2020-01-09 02:38:00,DL,760,20,48,12,NW,31
2020-01-15 02:23:00,YX,665,36,31,9,WSW,25
2019-12-21 02:17:00,AA,541,36,47,3,SW,13
2019-11-16 01:23:00,B6,301,26,19,7,NNE,24
2020-01-05 01:15:00,B6,266,34,18,10,WNW,14
2019-11-27 02:37:00,DL,760,34,38,13,SW,26
2019-12-15 02:37:00,B6,828,41,29,17,W,26
2020-01-12 01:15:00,B6,266,18,49,25,WSW,31
2019-11-06 01:46:00,9E,340,28,34,13,WNW,18
2019-11-02 01:52:00,9E,340,40,24,3,NNE,17
2019-11-29 02:04:00,YX,483,30,25,9,NNW,13
2019-11-27 02:20:00,DL,760,20,17,0,CALM,15
2019-12-16 01:11:00,B6,266,25,24,3,NW,19
2019-12-10 02:28:00,9E,665,34,37,14,W,15
2019-11-20 01:23:00,DL,187,36,30,12,N,17
2019-12-28 01:15:00,B6,209,25,17,12,W,16
2020-01-28 02:07:00,YX,483,39,25,17,NW,26
2019-11-13 01:16:00,9E,187,23,16,21,N,14
2019-12-13 01:57:00,9E,340,30,30,17,E,19
2019-11-05 01:11:00,B6,187,27,30,12,WSW,19
2019-12-22 03:04:00,DL,944,19,43,9,WSW,12
2020-01-31 01:22:00,DL,187,27,28,9,E,15
2020-01-01 01:23:00,9E,184,14,34,17,W,14
2020-01-21 01:16:00,AA,187,16,35,8,NNW,15
2019-12-10 01:40:00,9E,266,29,25,20,WNW,26
2019-11-17 01:30:00,9E,209,33,33,18,NNE,10
2020-01-04 01:21:00,MQ,184,29,29,7,WSW,20
2020-01-10 01:21:00,YX,187,29,20,12,SW,19
2020-01-15 02:37:00,DL,760,19,18,7,WNW,17
2019-12-12 01:33:00,9E,228,41,30,0,CALM,25
2019-11-17 02:35:00,DL,760,18,50,18,NE,22
2019-12-22 01:20:00,B6,187,30,30,10,WSW,18
2019-12-23 02:34:00,DL,760,42,27,15,SW,21
2020-01-20 03:05:00,B6,944,34,30,16,NNW,22
2019-12-28 03:04:00,9E,740,31,29,6,NW,23
2019-12-19 02:00:00,9E,427,32,34,16,NW,18
2019-11-16 02:56:00,B6,944,33,25,7,NE,15
2019-11-16 01:24:00,B6,301,18,39,22,NE,15
2019-12-08 02:04:00,B6,636,21,8,7,ENE,12
2019-11-23 01:14:00,9E,184,38,26,14,WSW,15
2019-11-06 03:03:00,OO,740,35,27,10,SW,21
2019-11-18 02:25:00,9E,718,22,36,12,N,15
2019-12-17 01:40:00,9E,301,33,22,17,NNW,22
2020-01-24 02:07:00,YX,483,39,25,8,ESE,31
2019-11-17 02:56:00,B6,944,30,34,15,NE,16
2019-11-25 01:50:00,9E,427,17,51,8,W,15
2019-12-31 03:04:00,B6,944,21,23,12,WSW,15
2019-12-08 02:46:00,MQ,765,29,43,6,SW,21
2019-12-18 02:40:00,B6,760,34,33,16,W,36
2019-12-07 01:58:00,9E,288,38,25,15,NNW,17
2019-11-20 02:17:00,9E,509,26,30,17,NW,20
2019-12-16 01:20:00,9E,184,41,27,5,NNW,24
2020-01-03 01:45:00,9E,288,45,25,5,SW,12
2019-11-17 02:12:00,AA,541,33,33,20,NE,13
2019-11-11 02:21:00,DL,541,28,35,0,CALM,36
2019-11-01 01:29:00,DL,213,27,34,15,NNW,20
2020-01-16 02:40:00,B6,828,37,41,15,W,11
2019-12-13 02:43:00,DL,760,19,52,3,E,21
2019-11-15 01:30:00,9E,209,35,31,10,WSW,26
2019-11-02 02:40:00,9E,828,32,34,5,ENE,23
2020-01-22 01:37:00,9E,301,30,21,5,SSW,16
2019-12-18 01:31:00,MQ,288,20,30,18,W,16
2020-01-09 02:09:00,AA,541,36,32,8,N,18
2019-11-18 02:14:00,AA,541,32,39,9,NNW,16
2020-01-07 00:57:00,B6,150,36,20,7,NNE,21
2019-11-02 01:51:00,MQ,427,35,29,3,E,15
2019-12-27 01:10:00,B6,187,42,27,7,S,10
2019-11-23 01:13:00,9E,184,17,52,8,NNW,16
2019-12-26 01:33:00,YX,213,21,41,8,NNE,23
2019-12-24 01:32:00,9E,228,17,45,14,N,15
2019-11-05 01:29:00,DL,213,40,27,10,WSW,28
2019-11-23 01:18:00,B6,264,29,18,0,CALM,12
2019-12-28 02:07:00,AA,541,18,32,12,WNW,18
2019-11-17 02:18:00,AA,541,30,34,18,NE,25
2020-01-18 01:07:00,B6,187,17,28,10,SW,14
2020-01-02 02:21:00,9E,541,29,34,8,SSW,24
2019-11-11 01:24:00,DL,187,28,34,10,SSE,27
2020-01-30 01:19:00,9E,184,37,28,3,VAR,17
2020-01-20 03:05:00,B6,944,36,39,14,NNW,20
2019-11-22 01:13:00,B6,187,32,39,12,SSW,28
2020-01-01 02:04:00,YX,340,27,46,17,W,21
2019-12-31 03:07:00,B6,944,31,31,10,NNW,21
2020-01-05 03:03:00,YX,740,37,36,23,NW,38
2019-11-22 01:23:00,9E,273,36,23,17,NW,20
2019-11-06 02:21:00,DL,541,28,34,13,WNW,12
2019-12-07 02:24:00,DL,636,42,21,15,N,17
2019-12-18 01:16:00,AA,187,3,3,28,WNW,33
2020-01-11 01:18:00,B6,266,30,24,21,S,17
2019-12-18 02:26:00,DL,636,17,34,12,WSW,14
2019-12-05 02:40:00,DL,760,21,30,25,WNW,33
2019-12-03 02:58:00,AA,740,32,33,17,NW,16
2019-11-20 01:10:00,B6,187,19,29,22,NNW,17
2019-12-15 01:20:00,B6,301,22,8,17,W,13
2020-01-07 01:24:00,9E,184,37,31,8,ENE,20
